X_world, Y_world, Z_world
1.749080237694724982e+00,9.391963650868429880e+00,1.098571387180167669e+00
2.197316968394073200e+00,5.935967122017215658e+00,2.687962719115127186e+00
1.116167224336398922e+00,8.606690070459253050e+00,1.267647708450129640e+00
